analysis,model,feature,importance_mean,importance_sd
mutation_foldx_ddg_regression,random_forest,delta_mass,1.1540612956725051,0.030863659938378765
mutation_foldx_ddg_regression,random_forest,delta_hydropathy,0.6970253348696054,0.016737338978277765
mutation_foldx_ddg_regression,random_forest,blosum62_score,0.41008011474503697,0.009953586070904573
mutation_foldx_ddg_regression,random_forest,relative_mutation_position,0.2599658209148975,0.0049736138200784175
mutation_foldx_ddg_regression,random_forest,mutation_position,0.2510132820936533,0.005533892930000508
mutation_foldx_ddg_regression,random_forest,length,0.15917967584786483,0.0034455963501774157
mutation_foldx_ddg_regression,random_forest,protein_length,0.1578464239291495,0.003557482741493439
mutation_foldx_ddg_regression,random_forest,sequence_length,0.15496487318712138,0.0031935257150463394
mutation_foldx_ddg_regression,random_forest,aromaticity,0.12685112450759178,0.006272089305239031
mutation_foldx_ddg_regression,random_forest,delta_charge,0.12651131530012422,0.0038519054513725367
mutation_foldx_ddg_regression,random_forest,helix_fraction,0.12193186007425368,0.006625905867505561
mutation_foldx_ddg_regression,random_forest,instability_index,0.11659780763181474,0.003643149307852531
mutation_foldx_ddg_regression,random_forest,sheet_fraction,0.10745355727515746,0.0022266004448286605
mutation_foldx_ddg_regression,random_forest,gravy,0.10069178924052868,0.002450625897435286
mutation_foldx_ddg_regression,random_forest,theoretical_pi,0.06354069161416613,0.0015984200253567778
mutation_foldx_ddg_regression,random_forest,isoelectric_point,0.06148058842534818,0.0019549978152537785
mutation_foldx_ddg_regression,random_forest,structure_branch,0.05382755849052438,0.0025532748226995425
mutation_foldx_ddg_regression,random_forest,foldx_structure_branch,0.04987602216525302,0.0023101830519318056
mutation_foldx_ddg_regression,random_forest,source,0.043207054735529035,0.0021753545726508586
mutation_foldx_ddg_regression,random_forest,class_changed,0.026739770046936374,0.0009780288442492549
mutation_foldx_ddg_regression,random_forest,organism_type,0.007903617681226249,0.0003168817691626266
mutation_foldx_ddg_regression,random_forest,gh_family,0.0048103021380533125,0.0007249434399612419
