source,primary_id,uniprot_accession,refseq_acc,organism_type,organism,xref_cazy,has_cazy_xref,cazy_status,gh_family,sequence
uniprot,Q9UW04,Q9UW04,,fungal,Didymella rabiei (Chickpea ascochyta blight fungus) (Mycosphaerella rabiei),GH11,True,cazy_gh10_gh11,GH11,ARTITYSGTYSPSGNSYLAVYGWTRNPLIEYYVVENFGTYDPSSQATVKGSVTADGSSYKIAQTQRTNQPSIDGTQTFQQYWSVRQSKRSSGSVNMKTHFDAWAAKGMKLGTHYYQIVAV
uniprot,Q49UB8,Q49UB8,,fungal,Piromyces sp. RRY-2002,GH11,True,cazy_gh10_gh11,GH11,ATVAKAQWGGGASAGQKLSVGGGQNQHKGVSDGFSYEIWLDNTGGSGSMTLGSGATFKAEWNAAVNRGNFLARRGLDFGSQKKATDYSYIGLDYTATYRQTASASGNSRLCVYGWFQNRGVQGVPLVEYYIIEDWVDWVPDAQGKMVTIDGAQYKIFQMDHTGPTINGGSETFKQYFSVRQQKRTSGHITVSDHFKEWANQGWGIGNLYEVALNAEGWQSSGVADVTLLDVYTTPKGSSPATSAAPRTTTRTTTRTKSLPTNYNKCSARITAQGYKC
uniprot,B8YQ34,B8YQ34,,fungal,Neocallimastix sp. GMLF2,GH11,True,cazy_gh10_gh11,GH11,ATVAKAQWGGGASAGQRLSVGGGQNQHKGVSDGFSYEIWLDNTGGSGSMTLGSGATFKAEWNAAVNRGNFLARRGLDFGSQKKATDYSYIGLDYAATYRQTASASGNSRLCVYGWFQNRGVQGVPLVEYYIIEDWVDWVPDAQGKMVTIDGAQYKIFQMDHTGPTINGGSETFKQYFSVRQQKRTSGHITVSDHFKEWAKQGWGIGNLYEVALNAEGWQSSGIADVTKLDVYTTQKSSNLTTVPRVTRTTARTTVRTTTRTKTLPTN
uniprot,Q9UVZ4,Q9UVZ4,,fungal,Gaeumannomyces avenae (Oat take-all root rot fungus) (Gaeumannomyces graminis var. avenae),GH11,True,cazy_gh10_gh11,GH11,GGPRSISYSGSFSPVNNGNSYLCVYGWMQNPLVEYYVLDNFGEYNPGNSATRKGQVQSDGGTYDLYQSTRYNAPSIEGTKTFNQYWAIRTSKRTGGTITMGNFLNAWRSAGMPLGN
uniprot,Q9HEN3,Q9HEN3,,fungal,Curvularia spicifera,GH11,True,cazy_gh10_gh11,GH11,GNGRTINYGGSFNPQGNGYLAVYGWTRNPLVEYYVIESYGTYNPSSGAQYKGTFQTDGGNYDVAVSTRYNQPSIDGTRTFNQYWSVRTQKRVGGSVNMQNHFNAWARYGLNLGQ
uniprot,Q9HEN7,Q9HEN7,,fungal,Cochliobolus heterostrophus (Southern corn leaf blight fungus) (Bipolaris maydis),GH11,True,cazy_gh10_gh11,GH11,GNGRVINYGGAFNPQGNGYLAVYGWTRNPLVEYYVIESYGTYNPSSGAQIKGSFQTDGGTYNVAVSTRYNQPSIDGTRTFQQYWSVRTQKRVGGSVNMQNHFNAWSRYGLNLGQ
uniprot,Q9HEP2,Q9HEP2,,fungal,Bipolaris sorghicola,GH11,True,cazy_gh10_gh11,GH11,GNGRVINYGGAFNPQGNGYLAVYGWTRNPLVEYYVIESYGTYNPSSGAQVKGSFQTDGGTYNVAVSTRVNQPSIDGTRTFQQYWSVRTQKRVGGSVNMQNHFNAWSRYGLNLGQ
uniprot,Q9HEN6,Q9HEN6,,fungal,Cochliobolus sativus (Common root rot and spot blotch fungus) (Bipolaris sorokiniana),GH11,True,cazy_gh10_gh11,GH11,GTARTITYSGSYNYNGNSYLAVYGWTRNPLVEYYVVENFGTYDPSSQSQNKGTVNSDGSSYKIAQSTRTNQPSIDGTRTFQQYWSVRQNKRSSGSVNMKTHFDAWASKGMRLGQ
uniprot,Q9HEN4,Q9HEN4,,fungal,Curvularia spicifera,GH11,True,cazy_gh10_gh11,GH11,GTARTITYSGTYNYNGNSYLAIYGWTRNPLVEYYVVENFGSYDPSSQAQNKGTVTSDGSSYKIAQSTRTNQPSIDGTRTFQQYWSVRQNKRSSGSVNMKTHFDAWASKGMRLGT
uniprot,Q9HDL7,Q9HDL7,,fungal,Cochliobolus heterostrophus (Southern corn leaf blight fungus) (Bipolaris maydis),GH11,True,cazy_gh10_gh11,GH11,GTARTITYSGTYNYNGNSYLAVYGWTRNPLVEYYVVENFGTYDPSSQSQNKGTVTSDGSSYKIAQSTRTNQPSIDGTRTFQQYWSVRQNKRSSGSVNMKTHFDAWASKGMNLGQ
uniprot,Q9HEN5,Q9HEN5,,fungal,Cochliobolus sativus (Common root rot and spot blotch fungus) (Bipolaris sorokiniana),GH11,True,cazy_gh10_gh11,GH11,GTGRVINYGGAFNPQGNGYLAVYGWTRNPLVEYYVIESYGTYNPSSGAQVKGSFQTDGGTYNVAVSTRYNQPSIDGTRTFQQYWSVRQQKRVGGSVNMQNHFNAWSRYGLNLGQ
uniprot,P81536,P81536,,fungal,Byssochlamys spectabilis (Paecilomyces variotii),GH11,True,cazy_gh10_gh11,GH11,GTTPNSEGWHDGYYYSWWSDGGGDSTYTNNSGGTYEITWGNGGNLVGGKGWNPGLNARAIHFTGVYQPNGTSYLSVYGWTRNPLVEYYIVENFGSSNPSSGSTDLGTVSCDGSTYTLGQSTRYNAPSIDGTQTFNQYWSVRQDKRSSGTVQTGCHFDAWASAGLNVTGDHYYQIVATEGYFSSGYARITVADVG
uniprot,Q96UV7,Q96UV7,,fungal,Lentinula edodes (Shiitake mushroom) (Lentinus edodes),CBM1;GH11,True,cazy_gh10_gh11,GH11,MAYKSLLFLALIAVTATALDVFDNSTEVIGKRSIPNGEGTNNGYFYSVYSDTTVTGTYTNGPGGEYTLTWGGSGDVVVGKGWNPGGPMSVEYSGTYSPNGNSYLSVYGWMTSPLVEYYITDSFGDYNPSTGGTHLGTCTSDGGVYDIYTQTRTNAPSIQGTATFQQYWSIRQTHRVGGTVTTGNHYSCWESVGLPLGTFNYIILATEGYSSSGTSTITVGQGTGTGSSAPSGPSSTTTTPPTAPTGGTVAQWGQCGGIGYSGPTTCASPYTCTVANAYYSQCL
uniprot,Q8J0K5,Q8J0K5,,fungal,Talaromyces funiculosus (Fruitlet core rot fungus) (Penicillium funiculosum),CBM1;GH11,True,cazy_gh10_gh11,GH11,MGISSILLSALIAGGALALPAAEPVSFDIRDENITLARRAEAINYNQDYIASGANVQYSPNMAAGSFSINYNTQGDFVVGLGWQPGDANPITYSGSFSASGVGILAVYGWSTNPLVEYYVMEVHDGYQTAGTHKGTVTTDGGTYDIWEHQQVNQPSILGTSTFNQYISIRQSPRTSGTVTVQNHFNAWAQAGMNLGTLNYQVMAVESWSGSGSGQISLSKGTGGGSTTTTPTGPTSTSTAPSSGGTGAAQWGQCGGIGWTGPTTCVAPYTCKYENAYYSQCQ
uniprot,C6FGW6,C6FGW6,,fungal,Bispora sp. MEY-1,GH11,True,cazy_gh10_gh11,GH11,MHAFSYLAVALSALPLLQAAPTSVQKRGAHNFMLSPDHPLMVAKRNASLARRSSTNYDQDYTTGGSVYFAPASGEFYVSWDTTDDFVVGVGWNPGSTEPITHGGSFNVDSGLASLSVYGWSTNPLVEYYIIDDEVDLPLSGTEKGTVYSDGSTYTIWENQRVDEPSIEGTSTFNQYISIRDSPRVSGTVTVENHFQAWANLGMDLGTLNFQVIAIESWDGSGNAYQTVSN
uniprot,E7EF85,E7EF85,,fungal,Penicillium oxalicum,CBM1;GH11,True,cazy_gh10_gh11,GH11,MISLSSVAIALTTVVGALALPSDQSVNLAARQAITSSQTGTNNGYYYSFWTNGAGSVSYSNGAAGQFSVNWANQGGGDFTCGKGWNPGKAQDISFSGTFTPNGNAYLSIYGWTTGPLVEYYILENFGSYNPGNGMTHVGTLTSDGSDYDIYKHTQVNQPSIVGTSTFDQYWSIRKNKRSSGTVTTANHFSAWASHGMNLGSHNYQILSVEGYQSSGSASMTVSAGSSSSGGSGSGSGSGSGSGSGSGSQTTTAGSSTGTGTGSGSGSGSGGSGGNCAAQWGQCGGQGWNGPTCCSSGTCKASNQWYSQCL
uniprot,Q96TR7,Q96TR7,,fungal,Aureobasidium pullulans (Black yeast) (Pullularia pullulans),GH11,True,cazy_gh10_gh11,GH11,MKFFATIAALVVAAVAAPVAEADAEASSPMLIERAGPGGINYVQNYNGNLGQFTYNENAGTYSMYWTNGVSGDFVVGLGWSTGAARSITYSSSYTASGGSYLSVYGWINSPQAEYYIVESYGSYNPCGAGQSGVTQLGTVVSDGATYTVCTDERVNEPSITGTSTFKQYWSVRQTKRTSGTVTTGNHFAYWAKYGFGNSYNFQVMAVEAFSGTGSASVTVS
uniprot,Q9UW17,Q9UW17,,fungal,Aureobasidium pullulans (Black yeast) (Pullularia pullulans),GH11,True,cazy_gh10_gh11,GH11,MKFFATIAALVVAAVAAPVAEAEAEASSPMLIERAGPGGINYVQNYNGNLGQFTYNENAGTYSMYWNNGVNGDFVVGLGWSTGAARSITYSSNYQASGGSYLSVYGWINSPQAEYYIVESYGSYNPCGAGQSGVTQLGTVYSDGATYTVCTDTRTNQPSITGTSTFKQYWSVRQTKRTSGTVTTGNHFAYWAKYGFGNSYNFQVMAVEAFSGTGSASVTVS
uniprot,Q12562,Q12562,,fungal,Aureobasidium pullulans (Black yeast) (Pullularia pullulans),GH11,True,cazy_gh10_gh11,GH11,MKFFATIAALVVGAVAAPVAEAEAEASSPMLIERAGPGGINYVQNYNGNLGQFTYNENAGTYSMYWNNGVNGDFVVGLGWSTGAARSITYSSNYQASGGSYLSVYGWINSPQAEYYIVESYGSYNPCGAGQSGVTQLGTVCSDGATYTVYTDTRTNQPSITGTSTFKQYWSVRQTKRTSGTVTTGNHFAYWAKYGFGNSYNFQVMPVEAFSGTGSASVTVS
uniprot,Q9UV68,Q9UV68,,fungal,Neocallimastix patriciarum (Rumen fungus),CBM1;GH11,True,cazy_gh10_gh11,GH11,MKFLQIIPVLLSLTSTTLAQSFCSSASHSGQSVKETGNKVGTIGGVGYELWADSGNNSATFYSDGSFSCTFQNAGDYLCRSGLSFDSTKTPSQIGRMKADFKLVKQNISNVGYSYVGVYGWTRSPLVEYYIVDNWLSPSPPGDWVGNKKHGSFTIDGAQYTVYENTRTGPSIDGNTTFKQYFSIRQQARDCGTIDISAHFDQWEKLGMTMGKLHEAKVLGEAGNGNGGVSGTADFPYAKVYIGDGNGGGASPAPAGGAPAGGAPAGNDQPQGPQGQQPPQGQQPPQGQQPPQGQQPPQGQQPPQGNDQQGQQPPQGQQPPQGNDQHQGQHPPQPQGPQGGNPGGSDFNNWSQGGSPWGGNQGGSPWGGNQGGNPWGGNQGGSPWGGNQGGSPWGQGNQGGNPWGGNQGGSPWGGNQGGNPWGGNQWGAPQNAAAPQSAAAPQNASDGGNCASLWGQCGGQGYNGPSCCSEGSCKPINEYFHQCQK
uniprot,Q6VAY1,Q6VAY1,,fungal,Acidomyces acidophilus,GH11,True,cazy_gh10_gh11,GH11,MKFTLTIAGLLAVGSTAAPTTEKRNPGGIDYVQNYNGDVADFQYNEGAGTYTCGWDGSTDFVVGLGWSTGAARDITYSATYNAGGSGSYLAVYGWVNSPQAEYYIVESYGDYNPCSNAEGLGTLESDGSTYTVCTDTRTNEPSITGTSTFTQYWSVRQSERTSGTVTVGNHFNYWAQHGFGDSYNFQVMAVEAFSGSGSASVSVS
uniprot,Q9HFH0,Q9HFH0,,fungal,Talaromyces funiculosus (Fruitlet core rot fungus) (Penicillium funiculosum),GH11,True,cazy_gh10_gh11,GH11,MKLFLAAIVLCATAATAFPSELAQRAAGDLSKRQSITTSQTGTNNGYYYSFWTNGGGEVTYTNGDNGEYSVTWVDCGDFTSGKGWNPANAQTVTYSGEFNPSGNAYLAVYGWTTDPLVEYYILESYGTYNPSSGLTSLGQVTSDGGTYDIYSTQRVNQPSIEGTSTFNQYWSVRTEKRVGGTVTTANHFAAWKALGLEMGTYNYMIVSTEGYESSGSSTITVS
uniprot,Q12667,Q12667,,fungal,Piromyces sp,GH11,True,cazy_gh10_gh11,GH11,MKLFQIFPLLLSLTSVTLAADDFCNATGFQGQSVVSTGHDVKKIGNIDYEQWADGGNNSATFYSDGSFKCNFSNTKDYLCRSGVAFSQAKYPSEIGHIEAEYRLVKKSASNVGYSYVGVYGWTLQSGISGVYEYYIVDNWLSQWRPGDWVGNTKFGDFTIDGGVYTVYKNVNGNLTQYFSLRKSERTCGTIDVTAHFAQWEKLGLKMPKITEIKVLAEAGNTGGGCSGSVEIPYAKIYINGKDQDGKSKGGSSSGGSNGQGLGNGQGNGQGQGNGQGQSATGSGKCPSTITSQGYKCCSSNCDIIYRDQSGDWGVENDEWCGCGSRVPKTTNCPSSIKNQGYKCCSDSCEIVLTDSDGDWGIENDEWCGCGIKNTTPTTTTKKSNNSQPTQGQSNNNSSTNTNFCSTSKHSGQSVTETSNKVGSIGGVGYELWADSGNNSATFYSDGSFSCSFRNAKDYLCRSGLSFDSTKTYQQLGHMYADFKLVKQNIQNVDYSYVGIYGWTRNPLVEFYVVDNWLSQWRPGDWVGNKKHGDFTIDGAKYTVYENTRTGPSIDGNTTFKQYFSIRQQARDCGTIDITAHFEQWEKLGMRMGKMHEAKVLGEAGSTGSGTSGTADFPYAKVYIK
uniprot,Q01426,Q01426,,fungal,Neocallimastix frontalis (Rumen fungus),GH11,True,cazy_gh10_gh11,GH11,MKMVLGVLMVKNGVVVVPAVHPLVVVTMLHQVVVDTKVLMELTSVTTLSTLAESVKVTSNKVGDINGIGYELWADSGNNSATFYDDGSFSCSFQRAKDYLCRSGLSFDSTKTHKQIGHIYAEFKLVKQNIQNVDYSYVGIYGWTRNPLVEFYVVDNWLSQWRPGDWVGNKKHGDFTIDGAQYTVYENTRYGPSIDGDTNFKQYFSIRQQPRDCGTIDITAHFEQWEKLGMTMGKMHEAKVLGEAGSNNGGTSGTADFPFAKVYVKN
uniprot,Q9UUQ2,Q9UUQ2,,fungal,Penicillium sp. 40,GH11,True,cazy_gh10_gh11,GH11,MKSFIAYLLASVAVTGVMAVPGEYHKRHDKRQTITSSQTGTNNGYYYSFWTNGGGTVQYTNGAAGEYSVTWENCGDFTSGKGWSTGSARDITFEGTFNPSGNAYLAVYGWTTSPLVEYYILEDYGDYNPGNSMTYKGTVTSDGSVYDIYEHQQVNQPSISGTATFNQYWSIRQNTRSSGTVTTANHFNAWAKLGMNLGSFNYQIVSTEGYESSGSSTITVS
uniprot,A2I7V2,A2I7V2,,fungal,Aspergillus versicolor,GH11,True,cazy_gh10_gh11,GH11,MKVTAAFAALLVTAFAASVPEPVLVSRSAGINYVQNYNGNLGDFTYDESAGTYSMYWEDGVSSDFVDLTFVSSITFSADYSASGSGSYLAVYGWVNSPQAEYYIVDKYGNYNPCSSATSLGTVYSDGSTYQVCTDTRTNAPSITGTSTFTQYFSVRESTRTSGTVTVANHFEAWAQHGFGNSNFNYQVVAVEAWSGAGSASVTISS
uniprot,Q96W72,Q96W72,,fungal,Talaromyces purpureogenus (Soft rot fungus) (Penicillium purpureogenum),GH11,True,cazy_gh10_gh11,GH11,MKVTAAFAGLLATTLAAPATELVTRSINYVQNYNGNLGAFSYNEGAGTFSMYWQQGVSNDFVVGLGRSTGSSNPITYSASYSASGGSYLAVYGWVNSPQAEYHVVEAYGNYNPCSSGSATNLGTVSSDGGTYQVCTDTRVNQPSITGTSTFTQFFSVRQGSRTSGTVTIANHFNFWAKHGFGNSNFNYQVVAVEAWSGTGTASVTVSA
uniprot,C3VEW0,C3VEW0,,fungal,Penicillium canescens,GH11,True,cazy_gh10_gh11,GH11,MKVTAAFAGLLATTLAAPATEPVLVTRSINYVQNYNGNLGAFSYNEGAGTFSMYWQQGVSNDFVVGLGRSTGSSNPITYSASYSASGGSYLAVYGWVNSPQAEYYVVEAYGNYNPCSSGSATNLGTVSSDGGTYQVCTDTRTNQPSITGTSTFTQFFSVRQGSRTSGTVTIANHFNFWAKHGFGNSNFNYQVMAVEAWSGTGSASVTVSA
uniprot,P55331,P55331,,fungal,Aspergillus tubingensis,GH11,True,cazy_gh10_gh11,GH11,MKVTAAFAGLLVTAFAAPAPEPDLVSRSAGINYVQNYNGNLGDFTYDESAGTFSMYWEDGVSSDFVVGLGWTTGSSNAITYSAEYSASGSASYLAVYGWVNYPQAEYYIVEDYGDYNPCSSATSLGTVYSDGSTYQVCTDTRTNEPSITGTSTFTQYFSVRESTRTSGTVTVANHFNFWAHHGFGNSDFNYQVVAVEAWSGAGSASVTISS
uniprot,P55329,P55329,,fungal,Aspergillus niger,GH11,True,cazy_gh10_gh11,GH11,MKVTAAFAGLLVTAFAAPVPEPVLVSRSAGINYVQNYNGNLGDFTYDESAGTFSMYWEDGVSSDFVVGLGWTTGSSKAITYSAEYSASGSSSYLAVYGWVNYPQAEYYIVEDYGDYNPCSSATSLGTVYSDGSTYQVCTDTRTNEPSITGTSTFTQYFSVRESTRTSGTVTVANHFNFWAQHGFGNSDFNYQVMAVEAWSGAGSASVTISS
uniprot,Q12550,Q12550,,fungal,Aspergillus niger,GH11,True,cazy_gh10_gh11,GH11,MKVTAAFAGLLVTAFAPPVPEPVLVSRSAGINYVQNYNGNLGDFTYDESAGTFSMYWEDGVSSDFVVGLGWTTGSSNAITYSAEYSASGSSSYLAVYGWVNLSQAEYYIVEDYGDYNPCSSATSLGTEYSDGSTYQVCTDTRTNEPSITGTSTFTQYFSVRESTRTSGTVTVAIHFNFWAQHGFGNSDFNYQVMAVEAWSGACSASVTISS
uniprot,Q6QJ75,Q6QJ75,,fungal,Aspergillus niger,GH11,True,cazy_gh10_gh11,GH11,MKVTAAFAGLLVTALAAPAPEPVLVSRSAGINYVQNYNGNLGDFTYDESAGTFSMYWEDGVSSDFVVGLGWTTGSSNPITYSADYSASGSSSYLAVYGWDNYPQAEYYIVEDYGDYNPCSSATSLGTVYSDGSTYQVCTDTRTNEPSITGTSTFTQYFSVRESTRTSGTVTVANHFNFWAQHGFGNSDFNYQVVAVEAWSGAGSASVTISS
uniprot,Q2I0I8,Q2I0I8,,fungal,Aspergillus sulphureus,GH11,True,cazy_gh10_gh11,GH11,MKVTAAFAGLLVTALAAPAPGPVLVSRSAGINYVQNYNGNLGDFTYDESAGTFSMYWEDGVSSDFVVGLGWTTGSSNPITYSADYSASGSSSYLAVYGWVNYPQAEYYIVEDYGDYNPCSSATSLGTVYSDGSTYQVCTDTRTNEPSITGTSTFTQYFSVRESTRTSGTVTVANHFNFWAQHGFGNSDFNYQVVAVEAWSGAGSASVTISS
uniprot,E3UN71,E3UN71,,fungal,Aspergillus niger,GH11,True,cazy_gh10_gh11,GH11,MKVTAAFASLLLTAFAAPAPEPVLVSRSAGINYVQNYNGNLGDFTYDESAGTFSMYWEDGVSSDFVVGLGWTTGSSKSITYSAQYSASSSSSYLAVYGWVNSPQAEYYIVEDYGDYNPCSSATSLGTVYSDGSTYQVCTDTRTNAPSITGTSTFTQYFSVRESTRTSGTVTVANHFNFWAQHGFGNSNFNYQVMAVEAWNGAGSASVTIST
uniprot,Q12549,Q12549,,fungal,Aspergillus niger,GH11,True,cazy_gh10_gh11,GH11,MKVTAAFASLLLTAFAAPAPEPVLVSRSAGINYVQNYNGNLGDFTYDESTGTFSMYWEDGVSSDFVVGLGWTTGSSKSITYSAQYSASSSSSYLAVYGWVNSPQAEYYIVEDYGDYNPCSSATSLGTVYSDGSTYQVCTDTRRTRPSITGTSTFTQYFSVRESTRTSGTVTIANHFNFWAQHGFGNSNFNYQVMAVEAWNGVGSASVTISS
uniprot,C0LZ11,C0LZ11,,fungal,Aspergillus niger,GH11,True,cazy_gh10_gh11,GH11,MKVTAAFASLLLTAFAAPAPEPVLVSRSAGINYVQNYNGNPGDFTYDESAGTFSMYWEDGVSSDFVIGLGWTTGSSKSITYSAQYSASSSSSYLAVYGWVNSPQAEYYIVEDYGNYNPCSSATSLGTVYSDGSTYQVCTDTRTNAPSITGTSTFTQYFSVRESTRTSGTVTVANHFNFWAQHGFGNSNFNYQVMAVEAWNGAGSASVTISS
uniprot,B0FX61,B0FX61,,fungal,Annulohypoxylon stygium,GH11,True,cazy_gh10_gh11,GH11,MLGSILVALTAAAGAIASPLDLITRSTPAGTGTNNGFFYSFWTDGAGQVTYNNGDAGSYDVTWQNVGNFVAGKGWNPGAARVVTYNGTWNGASVNSYLSVYGWTRNPLIEYYVVESFGTYNPSSGATKLGSVESDGGTYDVYRTQRVNQPSIDGTSTFYQFWSVRQQKRVGGSVTMQNHFDAWESAGLKLGTHNYQILATEGYQSSGSAKITVEQS
uniprot,A8TGA1,A8TGA1,,fungal,Neocallimastix patriciarum (Rumen fungus),CBM1;GH11,True,cazy_gh10_gh11,GH11,MLRKLVTGALAAALLLSGQSNAQNACQQTQQLSGGRTINNKNETGNGNGNYKYEIWRDGNGGSLTLYPKDAAFKASWNNSGDFLGRVGLTFNKPAATNLGGDLIANYNYKKSGSDGGTYSYIGIYGWMDNPQIEYYVVDDWMHNRGAPGGSYMGSQKGTITVDGGTYKVWSGQRTGASKWGTSTFTQIFSIRTSPRQCGSINVSEHFRQWQKLGLRLGGLMEAQLLAESGGGSGYVDFTYATITIGGSSSNASAPSNNNNNNNNNNDNNGNWNNWNNNNNNNNNNNNNNNNNNNNQGGGNCAAIWGQCGGSGYNGPKCCKQGSCKQINQWYSQCQ
uniprot,D1G4K3,D1G4K3,,fungal,Paecilomyces sp. 'thermophila',GH11,True,cazy_gh10_gh11,GH11,MMIGITSFALAALAATGALAFPTGNTTELEKRQTTPNSEGWHDGYYYSWWSDGGAQATYTNLEGGTYEISWGDGGNLVGGKGWNPGLNARAIHFDGVYQPNGNSYLAVYGWTRNPLVEYYIVENFGTYDPSSDATDLGTVECDGSTYRLGKSTRYNAPSIDGIQTFDQYWSVRQNKRSSGTVQTGCHFDAWARAGLNVNGDHYYQIVATEGYFSSGYARITVADVG
uniprot,B8YG19,B8YG19,,fungal,Neocallimastix patriciarum (Rumen fungus),GH11,True,cazy_gh10_gh11,GH11,MRLGVALSTIAVLLTATSARNLDKRQWGWPNFGGGNGGNGGNGGKTINDYKREQGAGRDIHVYAPSNLAPNSPLLLSLHGMDQDPNYQQSNTHWETLADSEGFVVVYPRGGTGMSTWDIQGTKDTQWVSQIIDQMKKEYNIDTKRVYLSGFSMGGMFTYHAMSQIANKIAAFAPCSGPNVFGASKAQRPVPIFHVHGTNDDVLNYQQVEGFLKNYRDQFHCPSQADTKTNYPNRENPNATLYTWGPCDKGVYIKHLKLQGRGHSPSSADIQDIWDFVSQWTVDGPVSASGNGGGNTTPTNPSTGGNGNGNGGGNTTPTNPSTGGNGNGNGGSTDKCSSNITKQGYKCCASNCEVVYTDSDGDWGVENDQWCGCGNRVTVGSGTCSAKILQQGYKCCPSGCIIYYTDEDGTWGVNGEEWCGCGSGSSSTGGGNDAPSSGSGYQGANGTNFCNNAKHSGESVTVTSNKVGDINGIGYELWADSGNNSATFYDDGSFSCSFQRAKDYLCRSGLSFDSTKTHKQIGHIYAEFKLVKQNIQNVDYSYVGIYGWTRNPLVEFYVVDNWLSQWRPGDWVGNKKHGDFTIGGAQYTVYENTRYGPSIDGDTNFKQYFSIRQQPRDCGTIDITAHFEQWEKLGMTMGKMHEAKVLGEAGSNNGGTSGTADFPFAKVYVKN
uniprot,B0FEV6,B0FEV6,,fungal,Piromyces communis,GH11,True,cazy_gh10_gh11,GH11,MRTIKFFFAVAIATVAKAQWGGGGASAGQKLTVGNGQNQHKGVADGYSYEIWLDNTGGSGSMTLGSGATFKAEWSASVNRGNFLARRGLDFGSQKKATDYSYIGLDYTATYRQTGSASGNSRLCVYGWFQNRGLNGVPLVEYYIIEDWVDWVPDAQGKMVTIDGAQYKIFQMDHTGPTINGGSETFKQYFSVRQQKRTSGHITVSDHFKEWAKQGWGIGNLYEVALNPEGLQSSGVADVTLLDVYPTPKGSSPATSAAPRTTTRTTTRTKSLPTNYNKCSARITAQGYKCCSDPNCVVYYTDDDGTWGVENNEWCGCGVEQCSSKITSQGYKCCSDPNCVVFYTDDDGKWGVENNDWCGCGF
uniprot,Q5YB84,Q5YB84,,fungal,Neocallimastix frontalis (Rumen fungus),GH11,True,cazy_gh10_gh11,GH11,MRTIKFFFAVAIATVAKAQWGGGGASAGQRLTVGNGQNQHKGVADGYSYEIWLDNTGGSGSMTLGSGATFKAEWSASVNRGNFLARRGLDFGSQKKATDYSYIGLDYTATYRQTGSASGNSRLCVYGWFQNRGVQGVPLVEYYIIEDWVDWVPDAQGRMVTIDGAQYKIFQMDHTGPTINGGSETFKQYFSVRQQKRTSGHITVSDHFKEWAKQGWGIGNLYEVALNAEGWQSSGIADVTKLDVYTTQKGSNPAPTSTGTVPSSSAGGSTANGKKFTVGNGQNQHKGVNDGFSYEIWLDNTGGNGSMTLGSGATFKAEWNAAVNRGNFLARRGLDFGSQKKATDYDYIGLDYAATYKQTASASGNSRLCVYGWFQNRGLNGVPLVEYYIIEDWVDWVPDAQGKMVTIDGAQYKIFQMDHTGPTINGGSETFKQYFSVRQQKRTSGHITVSDHFKEWAKQGWGIGNLYEVALNAEGWQSSGVADVTLLDVYTTPKGFSPATSAAPRTTTRTTTRTKSLPTNYNKCSARITAQGYKCCSDPNCVVYYTDEDGTWGVENNDWCGCGVEQCSSKITAQGYKCCSDPNCVVFYTDDDGKWGVENNDWCGCGF
uniprot,P29127,P29127,,fungal,Neocallimastix patriciarum (Rumen fungus),GH11,True,cazy_gh10_gh11,GH11,MRTIKFFFAVAIATVAKAQWGGGGASAGQRLTVGNGQTQHKGVADGYSYEIWLDNTGGSGSMTLGSGATFKAEWNASVNRGNFLARRGLDFGSQKKATDYSYIGLDYTATYRQTGSASGNSRLCVYGWFQNRGVQGVPLVEYYIIEDWVDWVSDAQGRMVTIDGAQYKIFQMDHTGPTINGGSETFKQYFSVRQQKRTSGHITVSDHFKEWAKQGWGIGNLYEVALNAEGWQSSGIADVTKLDVYTTQKGSNPAPTSTGTVPSSSAGGSTANGKKFTVGNGQNQHKGVNDGFSYEIWLDNTGGNGSMTLGSGATFKAEWNAAVNRGNFLARRGLDFGSQKKATDYDYIGLDYAATYKQTASASGNSRLCVYGWFQNRGLNGVPLVEYYIIEDWVDWVPDAQGKMVTIDGAQYKIFQMDHTGPTINGGSETFKQYFSVRQQKRTSGHITVSDHFKEWAKQGWGIGNLYEVALNAEGWQSSGVADVTLLDVYTTPKGSSPATSAAPRTTTRTTTRTKSLPTNYNKCSARITAQGYKCCSDPNCVVYYTDEDGTWGVENNDWCGCGVEQCSSKITSQGYKCCSDPNCVVFYTDDDGKWGVENNDWCGCGF
uniprot,Q01421,Q01421,,fungal,Neocallimastix frontalis (Rumen fungus),GH11,True,cazy_gh10_gh11,GH11,MRTIKFFFAVAIATVAKAQWGGGGASAGQRLTVGNGQTQHKGVADGYSYEIWLDNTGGSGSMTLGSGATFKAEWNASVNRGNLLARRGLDFGSQKKGKPITATLIGYTATYRQTGSASGNSRLCVYGWFQNRGVQGVPLVEYYIIEDWVDWVPDAQGRMVTIDGAQYKIFQMDHTGPTINGGSETFKQYFSVRQQKRTSGHITVSDHFKEWAKQGWGIGNLYEVALNAEGWQSSGIADVTKLDVYTTQKGSNPAPTSTGTVPSSSAGGSTANGKKFTVGNGQNQHKGVNDGFSYEIWLDNTGGNGSMTLGSGATFKAEWNAAVNRGNFLARRGLDFGSQKKANRFDYIGLDYAATYKQTASASGNSRLCVYGWFQNRGLNGVPLVEYYIIEDWVDWVPDAQGKMVTIDGAQYKIFQMDHTGPTINGGSETFKQYFSVRQQKRTSGHITVSDHFKEWAKQGWGIGNLYEVALNAEGWQSSGVADVTLLDVYTTPKGSSPATSAAPRTTTRTTTRTKSLPTNYNKCSARITAQGYKCCSDPNCVVYYTDEDGTWGVENNDWCGCGVEQCSSKITSQGYKCCSDPNCVVFYTDDDGKWGVENNDWCGCGF
uniprot,Q92257,Q92257,,fungal,Orpinomyces sp. (strain PC-2),GH11,True,cazy_gh10_gh11,GH11,MRTIKFLFALAITTVAKAQWGGNGGASAGQRLSVGGGQNQHKGVFDGFSYEIWLDNTGGSGSMTLGKGATFKAEWSAAVNRGNFLARRGLDFGSTKKATAYEYIGLDYEASYRQTASASGNSRLCVYGWFQNRGVQGVPLVEYYIIEDWVDWVPDAQGKMVTIDGAQYKIFQMDHTGPTINGGNETFKQYFSVRQQKRTSGHITVSDHFKAWSNQGWGIGNLYEVALNAEGWQSSGVADVPKLDVYTTKQGSAPRTTTTTTRTTTRTTTKTLPTTNKKCSAKITAQGYKCCSDPNCVVYYTDEDGTWGVENNQWCGCGVEACSGKITAQGYKCCSDPKCVVYYTDDDGKWGVENNEWCGCGL
uniprot,E5A0Q4,E5A0Q4,,fungal,Leptosphaeria maculans (strain JN3 / isolate v23.1.3 / race Av1-4-5-6-7-8) (Blackleg fungus) (Phoma lingam),GH11,True,cazy_gh10_gh11,GH11,MSAVSCNLNLDAQLSWSTAAGGKCSFGHFKTLITFSIMLSFLQLVVTVLATVASAGIAPRNIATHINHETVGKALRVRQGGYYSFWSEGAGSFQCNQQGGGKYTCKWSGQPGGGFVAGTGFKPGGSRTVKYSGTYDAKGPGYLALYGWTQNPLIEYYIIESYDILAPGEPWTKKGNFTFEEGTYELYTSQRVNKPSIEGTRTFTQFWSVRTEKRVGGTITTSKHFDAWSKAGMRLGNHNYMIMCTEGFANGTLLPSGSSTITVT
uniprot,Q19N51,Q19N51,,fungal,Neocallimastix frontalis (Rumen fungus),GH11,True,cazy_gh10_gh11,GH11,MTVAKAQWGRGASAGQKLSVGGGQNQHKGVSDGFSYEIWLDNTGGSGSMTLCSGATFKAEWNAAVNRGNFLARRGLDFGSRKKATDYSYIRLDYTATYRQTASASGNSRLCVYGWFQNRGVQGVPLVEYYIIEDWVDWVPDAQGKMVTIDGAQYKIFQMDHTGPTINGGSETFKQYFSVRQQKRTSGHITVSDHFKEWAKQGWGIGNLYEVALNAEGWQSSGIADVTKLDVYTTQKGSNPTTAARTTRTTARTTARTTTRTRTLPTNNKCSSKITAQGYECCSSPNCEIVYTDDDGKWGK
uniprot,Q9Y7F2,Q9Y7F2,,fungal,Scheffersomyces stipitis (Yeast) (Pichia stipitis),GH11,True,cazy_gh10_gh11,GH11,MTVYKRKSRVLIAVVTLLHVLSHAPTKMLTTDVLLTRCMHLCHFRTSDSVYTNETSEERSMSDRLNITRVMSYDRWTDLVGELEVRELKHVMSHRTYSLCDLSCSTVLDSNSMFSLGKGWQAISSRQGVGATVYGWTRSPSLIEYYVVDSWGSYHPSNTITGTFVTVKCDGGTYDIYTAVRVNAPSIEGTTFTQYWSVRQSATIQLAVIKPLTLQNATITFTFSNHFDAWKTMTSEATHSTEGYFSSGITYEQPHQPHRNTWATSLTSQTKHTARSLPINLDRDKQCSQNESQSAASIYCRATSSTPKYWTTKGQNTNFKRASQGTNSDISSRRNNCIQAKIERHKQVRTHTKHRQIAQNRGRAWHTVRQTQKYRGQKWEK
uniprot,A0T2F0,A0T2F0,,fungal,Hypocrea rufa (Trichoderma viride),GH11,True,cazy_gh10_gh11,GH11,MVAFSSLICALTSIASTLAMPTGLEPESSVNVTERGMYDFVLGAHNDHRRRASINYDQNYQTGGQVSYSPSNTGFSVNWNTQDDFVVGVGWTTGSSAPINFGGSFSVNSGTGLLSVYGWSTNPLVEYYIMEDNHNYPAQGTVKGTVTSDGATYTIWENTRVNEPSIQGTATFNQYISVRNSPRTSGTVTVQNHFNAWASLGLHLGQMNYQVVAVEGWGGSGSASQSVSN
uniprot,Q0Q592,Q0Q592,,fungal,Alternaria sp. HB186,GH11,True,cazy_gh10_gh11,GH11,MVAFSSNLLALGSATAALASPLNLILEAQAQEESANLTARATPAGTGMNNGFFYSFWTDGQGQVTYNNGAAGKYDVQWSNVGNFVAGKGWNPGSERVVTYSGTWNAANVNSYISLYGWTRNPLIEYYIVESYGSYNPSSAAQKKGSVTSDGGTYDILQTTRTNQPSIDGTATFQQFWSVRTSKRVGGTITVKNHFDAWAKYGQKLGTHNYQILATEGYQSSGSASITVEGP
uniprot,Q8J0T4,Q8J0T4,,fungal,Trichoderma sp. SY,GH11,True,cazy_gh10_gh11,GH11,MVAFTSLLAGFAAVAGVLSAPTEDVQVEKRQVIGPGTGFNNGYYYSYWNDGHAGVTYTNGAGGSFSVNWANSGNFVGGKGWNPGSSTRTINFSGSYSPNDNSYLSVYGWSKNPLIEYYIVENFGTYNPSTGATKLGEVTLDGSVYDIYRTQRVNQPSIIGTATFYQYWSVRRSHRSSGSVNVGNHFNAWRNLGLTLGQLDYQIIAVEGYFSSGSANINVS
uniprot,D2XV89,D2XV89,,fungal,Trichoderma sp. SC9,GH11,True,cazy_gh10_gh11,GH11,MVAFTSLLAGFTAITGVLSAPTEVEVVDVEKRQTIGPGTGTNNGYYYSYWNDGHAGVTYTNGASGSFSVNWVNSGNFVGGKGWNPGSSTRTINYSGSYNPNGNSYLSVYGWSKNPLIEYYIVENFGTYNPSTGTTKLGEVTSDGSVYDIYRTQRVNQPSIIGTATFYQYWSVRRNHRSSGSVNVGNHFNAWRNLGLTLGQLDYQILAVEGYFSSGNANINVS
uniprot,Q00351,Q00351,,fungal,Cochliobolus carbonum (Maize leaf spot fungus) (Bipolaris zeicola),GH11,True,cazy_gh10_gh11,GH11,MVAFTSVLLGLSAIGSAFAAPVADVPDFEFSGPKHLAARQDYNQNYKTGGNIQYNPTSNGYSVTFSGAQDFVLGKGWKQGTTRTVKYTGSTQAQAGTVLVALYGWTRGSKLVEYYIQDFTSGGSGSAQGQKMGQVTCDGSVYDIWQHTQVNQPSIVGTTTFVQYISNRVSKRSTGGTITTKCHFDAWAKLGMNLGNQWDYQTISTEGWGNAAGKSQYTVSAA
uniprot,Q38Q19,Q38Q19,,fungal,Plectosphaerella cucumerina,GH11,True,cazy_gh10_gh11,GH11,MVAPSSLLLLGAASAGVIAAPATDTPEVHELARRQATPNSQGTHDGFFYSWWSDGGAPVTYTNLADGSYSVEWQSGGNLVGGKGWNPGVDARAITISGTYSPNGNSYLAVYGWMRSPLVEYYIVENFGTYDPSSQAERLGTVNCDGSVYDVARATRTNAPSIDGTQTFTQYWSVRRNKRTGGTVRTGCHFDAWRAAGLPIGQHDYQIVATEGYFSSGSARITVSDSG
uniprot,Q92397,Q92397,,fungal,Cryptococcus sp. S-2,GH11,True,cazy_gh10_gh11,GH11,MVASAAPVTEAEDGQAATPIAIEKRTGNYVQNYNGNVANFEYSQYDGTFSVNWNGNTDFVCGLGWTVGTGRTITYSGSYNPGYSGSYQAIYGWTGQGSLSEYYVIDNYGGYNPCTGSGVTQLGSLYSDGSSYQVCTHTQYNQPSIVGTTTFPQYFSVRQNKRSSGSVNMQNHFNYWAQHGFPNRNFNYQVLAVEGFSGSGNANMKLISG
uniprot,B0FIU1,B0FIU1,,fungal,Saitozyma flava (Cryptococcus flavus),GH11,True,cazy_gh10_gh11,GH11,MVASAAPVVEAEDGQAATPIAIEKRTGNYFQNYNGNVANVKYSQYDGTFSVNWNGDTDFVCGLGWTVGTGRSIRYSGSYNPGYSGSYQAIYGWTGQGSLSEYYVIDNYGGYNPCTGSGVTQLGNLYSDGSSYQVCTHTQYNQPSIVGTTTFPQFFSVRQNKRSSGSVNMQNHFNYWAQHGFPNRNFDYQVLAVQGFSGSGNANMKLISG
uniprot,O43097,O43097,,fungal,Thermomyces lanuginosus (Humicola lanuginosa),GH11,True,cazy_gh10_gh11,GH11,MVGFTPVALAALAATGALAFPAGNATELEKRQTTPNSEGWHDGYYYSWWSDGGAQATYTNLEGGTYEISWGDGGNLVGGKGWNPGLNARAIHFEGVYQPNGNSYLAVYGWTRNPLVEYYIVENFGTYDPSSGATDLGTVECDGSIYRLGKTTRVNAPSIDGTQTFDQYWSVRQDKRTSGTVQTGCHFDAWARAGLNVNGDHYYQIVATEGYFSSGYARITVADVG
uniprot,Q8J1V4,Q8J1V4,,fungal,Thermochaetoides thermophila,GH11,True,cazy_gh10_gh11,GH11,MVKLALLTTSLLTSGALTSPVSNPNRPPSRDISPRQWGGGGYYFQNWSEGGSNVRCVNGPGGQFSATWNSKGGFVCGKGWSAGGARVITYSGTYNATGPGYLAVYGWTRNPLIEYYIIEAHAELSPNEPWTYMGNFSSPEGDYDIYTSWRINKPSIEGTRTFQQFWSVRKEQRVSGTVTTQRHFDEWAKLGMRLGRHDYVVMAVEGYTADGGWGSAGEATITVQ
uniprot,Q12580,Q12580,,fungal,Achaetomiella gracilis,GH11,True,cazy_gh10_gh11,GH11,MVNFSSLFLAASAAVVAVAAPGELPGMHKRQTLTSSQTGTNNGYYYSFWTDGQGNVQYTNEAGGQYSVTWSGNGNWVGGKGWNPGSARTINYTANYNPNGNSYLAVYGWTRNPLIEYYVVENFGTYNPSTGATRLGSVTTDGSCYDIYRTQRVNQPSIEGTSTFYQFWSVRQNKRSGGSVNMAAHFNAWAAAGLQLGTHDYQIVATEGYYSSGSATVNVGASSDGSTGGGSTGGGSTNVSF
uniprot,Q0ZBL0,Q0ZBL0,,fungal,Acrophialophora nainiana,GH11,True,cazy_gh10_gh11,GH11,MVNFSSLLLAASAAVGAVAAPGELPGMNINKRQTYTSSATGTHNGYYFSFWTDGQGSIQYTNEAGGQYSARWSGNGNWVGGKGWNPGSARTINYTATYNPNGNSYLAVYGWTRNPLIEYYVVENFGTYDPSTGATRLGSVTVDGSVYNIYRTQRVNQPSIEGTSTFYQYWSVRQNHRTSGSVNVGAHFDAWAKSGLQLGRHNYQIVATEGYQSSGSSSITVS
uniprot,Q6UN40,Q6UN40,,fungal,Thermochaetoides thermophila,GH11,True,cazy_gh10_gh11,GH11,MVNFSTLFLAASTAALAAAAPSIEKRQTLTSSATGIHNGYYYSFWTDGQGNIRFNLESGGQYSVTWSGNGNWVGGKGWNPGIDNRVINYTADYRPNGNSYLAVYGWTRNPLIEYYVVESFGTYDPSTGATRMGSVTTDGGTYNIYRSQRVNAPSIEGTSTFYQYWSVRTAKRTGGTVTMANHFNAWRQAGLQLGTHDYQIVATEGYYSSGSATVNVGGSATGGGNNGGGNNGGGNNGGGNNGGGNGGANVSISKPMRVEKLTMLAIA
uniprot,Q06AK8,Q06AK8,,fungal,Thermochaetoides thermophila,GH11,True,cazy_gh10_gh11,GH11,MVNFSTLFLAASTAALAAAAPSIEKRQTLTSSATGTHNGYYYSFWTDGQGNIRFNLESGGQYSVTWSGNGNWVGGKGWNPGIDNRVINYTADYRPNGNSYLAVYGWTRNPLIEYYVVESFGTYDPSTGATRMGSVTTDGGTYNIYRSQRVNAPSIEGTSTFYQYWSVRTAKRTGGTVTMANHFNAWRQAGLQLGTHDYQIVATEGYYSSGSATVNVGGSATGGGNNGGGNNGGGNNGGGNNGGGNGGANVSISKPHEMRSLASTRS
uniprot,Q8J1V6,Q8J1V6,,fungal,Thermochaetoides thermophila,GH11,True,cazy_gh10_gh11,GH11,MVNFSTLFLAASTAALAAAAPSIEKRQTLTSSATGTHNGYYYSFWTDGQGNIRFNLESGGQYSVTWSGNGNWVGGKGWNPGTDNRVINYTADYRPNGNSYLAVYGWTRNPLIEYYVVESFGTYDPSTGATRMGSVTTDGGTYNIYRTQRVNAPSIEGTKTFYQYWSVRTSKRTGGTVTMANHFNAWRQAGLQLGSHDYQIVATEGYYSSGSATVNVGGSTTGGNNGGNNGGNNGGNNGGNTGSNVSISRPRKMGSLASTRS
uniprot,B2AMH4,B2AMH4,,fungal,Podospora anserina (strain S / ATCC MYA-4624 / DSM 980 / FGSC 10383) (Pleurage anserina),GH11,True,cazy_gh10_gh11,GH11,MVQISSFLVALGLLQAGLGAPQPDAKGVQGRQGYYFQNWSEGGSNIRCSNGQGGSFSANWNSRGGFVCGKGWSGGGARTIKYSGTYNATGPGYLAVYGWTRNPLIEYYILESYADLAPNEPWFSNFTIDEGTFEVFTSTRVNKPSIEGTRTFQQYWSVRSEKRVGGTVTTQKHFDEWAKRGMRLGRHDYVVMAVEGYTATGGSGSAGSASITLG
uniprot,B3VSG7,B3VSG7,,fungal,Botryotinia fuckeliana (strain B05.10) (Noble rot fungus) (Botrytis cinerea),GH11,True,cazy_gh10_gh11,GH11,MVSASSLLLAASAIAGVFSAPAAAPVSENLNVLQERALTSSATGTSGGYYYSFWTDGSGGVTYSNGANGQYAVSWTGNKGNFVGGKGWAVGSERSISYTGSYKPNGNSYLSVYGWTTSPLIEYYIVEDFGTYDPSSAATEIGSVTSDGSTYKILETTRTNQPSVQGTATFKQYWSVRTSKRTSGTVTTANHFAAWKKLGLTLGSTYNYQIVAVEGYQSSGSASITVS
uniprot,A6YAP7,A6YAP7,,fungal,Leucoagaricus gongylophorus (Leaf-cutting ant fungus),GH11,True,cazy_gh10_gh11,GH11,MVSFIFTRIILFAAAINGAVALPMNTTEPEDFSILSRSGTPSSTGYSNGYYYSWWTDGAAQATYANGGGGQYSLNWSGNNGNLVGGKGWNPGFNGRVIQYSGTYQPNGNSYLSVYGWTLNPLIEYYIVESYGSYNPSSAAARKGSVNCDGANYDILTTTRYNEPSINGTQTFQQFWSVRNPKKNPGGSISGSVSTGCHFTAWGNLGMNLGSTWNYQIVATEGYQSSGFSSITVA
uniprot,Q0ZBK9,Q0ZBK9,,fungal,Acrophialophora nainiana,GH11,True,cazy_gh10_gh11,GH11,MVSFKALLFGATGALALPSPFPFNTTEIREAHARGENVTELLMARAGTPSQTGWNNGYYYSFWTDNGGTVNYWNSANGGYGINWSNTGNFVGGKGWNPGSNTRTINFSGTFSPSGNAYLTVYGWTTNPLVEYYIVENYGTYDPGSDGTNLGTFYSDGAYYKLVKKTRVNQPSIEGTSTFNQYWSVRQSKRSSGAVTFGNHVYAWSQKGLNLGTHNYQIMATEGYQSSGSSSITVW
uniprot,Q12579,Q12579,,fungal,Achaetomiella gracilis,GH11,True,cazy_gh10_gh11,GH11,MVSFKALLLGAAGALAFPFNVTQMNELVARAGTPSGTGTNNGYFYSFWTDGGGTVNYQNGAGGSYSVQWQNCGNFVGGKGWNPGAARTINFSGTFSPQGNGYLAIYGWTQNPLVEYYIVESFGTYDPSSQASKFGTIQQDGSTYTIAKTTRVNQPSIEGTSTFDQFWSVRQNHRSSGSVNVAAHFNAWAQAGLKLGSHNYQIVATEGYQSSGSSSITVS
uniprot,Q0GA11,Q0GA11,,fungal,Arcopilus cupreus,GH11,True,cazy_gh10_gh11,GH11,MVSFKALLLGAASALALPFNATELGERMARGENVTELLIARGGTPSQTGWNNGYYFSFWTDNGGNVNFWNGNGGNYGVNWQNCGNFVAGKGWNPGSARTINYGGSFSPSGNGYLSIYGWTTNPLVEYYIVESFGTYDPSSQAQKLGTAYIDGSNYVLAKTTRYNQPSIVGTATFNQYWSVRQNHRSGGSVNTGAHFQAWAQHGLNLGQHNYQIVATEGYQSSGSSSITV
uniprot,Q0ZHI9,Q0ZHI9,,fungal,Verticillium dahliae (Verticillium wilt),GH11,True,cazy_gh10_gh11,GH11,MVSFKSLLLAASAFTAVLGRPFDSFDGPDVNITDADELLVRRQVTANSEGTHNGYFYSWWSDGGGQVTYTMGAGSRYSVTWKDTGNFVGGKGWNPGTGRTINYGGSFSPQGNGYLAVYGWTRNPLIEYYVVESYGTYNPGSGGQLKGTVTTDGGTYNVYVSTRTNQPSIDGTRTFQQYWSVRTSKRVGGAVTMQNHFNAWAQFGMNLGAHYYQIVATEGYQSSGPSDIYVQTQCKSLCDRGRVTWRDVVC
uniprot,B2A9A1,B2A9A1,,fungal,Podospora anserina (strain S / ATCC MYA-4624 / DSM 980 / FGSC 10383) (Pleurage anserina),GH11,True,cazy_gh10_gh11,GH11,MVSFKSLLLAATAVTSALGRPFDFLDQDNGNSTEALERRQITPNSEGTHNGYFYSWWSDGGGQATYTMLEGSRYQFLKIQHKETKLTCRSTINYGGSFNPQGNGYLAVYGWTRNPLVEYYVIESYGTYNPSSGAQYKGSVQTDGGTYNIYVSTRYNQPSIDGTRTFQQYWSVRTSKRVGGSVNMQNHFNAWARYGMNLGQHYYQIVATEGYQSSGNSDIYVQTH
uniprot,Q70T28,Q70T28,,fungal,Exserohilum turcicum (Northern leaf blight fungus) (Setosphaeria turcica),GH11,True,cazy_gh10_gh11,GH11,MVSFKSLLLAAVATTSVFAAPFDFLAERDDGNATALLEKRQSTPSSEGYHNGYFYSWWTDGGGSAQYTMGEGSKYSVTWRNTGNFVGGKGWNPGNGRTINYGGSFNPQGNGYLAVYGWTRNPLVEYYVIESYGTYNPSSGAQRKGSFQTDGGTYDIATSTRYNQPSIDGTRTFQQYWSVRTQKRVGGSVNMQNHFNAWSRYGMNLGTHYYQIVATEGYQSSGNSEIYVQTM
uniprot,Q00350,Q00350,,fungal,Cochliobolus carbonum (Maize leaf spot fungus) (Bipolaris zeicola),GH11,True,cazy_gh10_gh11,GH11,MVSFKSLLLAAVATTSVLAAPFDFLRERDDVNATALLEKRQSTPSAEGYHNGYFYSWWTDGGGSAQYTMGEGSRYSVTWRNTGNFVGGKGWNPGSGRVINYGGAFNPQGNGYLAVYGWTRNPLVEYYVIESYGTYNPSSGAQIKGSFQTDGGTYNVAVSTRYNQPSIDGTRTFQQYWSVRTQKRVGGSVNMQNHFNAWSRYGLNLGQHYYQIVATEGYQSSGSSDIYVQTQ
uniprot,B2A9I4,B2A9I4,,fungal,Podospora anserina (strain S / ATCC MYA-4624 / DSM 980 / FGSC 10383) (Pleurage anserina),GH11,True,cazy_gh10_gh11,GH11,MVSFKSLLTATLATGAAAVPFNATEVFESLQARAGTPSSTGNHNGYYYSFWTDNGGTVNYQNGNGGSYSVNWQNCGNFVGGKGWNPGNSNRVINYSGQFNPQGNGYLAIYGWTRNPLIEYYIIESFGTYDPSSGATRLGTFNTDGGTYTIAKSTRYNQPSIEGTKTFDQFWSVRTSKRVGGSVNVGNHFKAWADKGLRLGSHDYQIVATEGYQSSGSASITVS
uniprot,P55332,P55332,,fungal,Emericella nidulans (strain FGSC A4 / ATCC 38163 / CBS 112.46 / NRRL 194 / M139) (Aspergillus nidulans),GH11,True,cazy_gh10_gh11,GH11,MVSFKSLLVLCCAALGAFATPVGSEDLAAREASLLERSTPSSTGWSNGYYYSFWTDGGGDVTYTNGAGGSYTVQWSNVGNFVGGKGWNPGSTRTINYGGSFNPSGNGYLAVYGWTQNPLIEYYIVESYGTYNPGSGGQHRGTVYSDGATYDIYTATRYNAPSIEGTATFEQFWSVRQSKRTGGTVTTANHFNAWAALGMRLGTHNYQIVATEGYQSSGSASITVY
uniprot,Q766V1,Q766V1,,fungal,Humicola insolens (Soft-rot fungus),GH11,True,cazy_gh10_gh11,GH11,MVSFKTLLLAVVGAAAASPIALPFDPAEVTARHARGENVTEFLLARGGTPSSTGWHGGYFYSFWTDGGGEVNYWNGNNGNYGVNWRNCGNFVGGKGWKPGAARTINYSGTFNPSGNGYLAIYGWTTNPLVEYYIVENFGTYDPSSQAQNLGTFYVDGSNYKIAKSTRYNQPSIIGTATFNQYWSVRQNKRSSGSVNVGAHFQAWAQRGLNLGNHDYQIVATEGYQSSGSASITVW
uniprot,A1CCU0,A1CCU0,,fungal,Aspergillus clavatus (strain ATCC 1007 / CBS 513.65 / DSM 816 / NCTC 3887 / NRRL 1 / QM 1276 / 107),GH11,True,cazy_gh10_gh11,GH11,MVSFKYLFLAASALGALAAPVEVEESSWFNETALHEFAERAGTPSSTGWNNGYYYSFWTDNGGTVNYQNGNGGSYSVQWKDTGNFVGGKGWNPGSARTINYSGSFNPSGNAYLTVYGWTTNPLVEYYIVENYGTYNPGNGGTYRGSVYSDGANYNIYTATRYNAPSIEGDKTFTQYWSVRQSKRTGGTVTTANHFNAWAQLGMSLGTHNYQIVATEGYQSSGSSSITVY
uniprot,B7SIW1,B7SIW1,,fungal,Phanerodontia chrysosporium (White-rot fungus) (Sporotrichum pruinosum),CBM1;GH11,True,cazy_gh10_gh11,GH11,MVSFNSLLVAVSAATCALAFPFEFHNGTHVFPRQSTPAGTGTNNGYFYSFWTDGGGSVTYNNGPAGEYSVTWSNADNFVAGKGWNPGSAQAISFTANYQPNGNSYLSVYGWSTNPLVEYYILEDFGTYNPAVSLTHKGTLTSDGATYDVYEGTRVNEPSIQGTATFNQYWSIRSSKRSSGTVTTANHFAAWKQLGLPLGTFNYQIVATEGYQSSGSSTVTVNPAGGVTSPIAPTGPSSVSTTPSGPSSSPSPVGTCSALYGQCGGQGWTGPTCCSSGTCKFSNNWYSQCL
uniprot,Q9HEZ0,Q9HEZ0,,fungal,Phanerodontia chrysosporium (White-rot fungus) (Sporotrichum pruinosum),CBM1;GH11,True,cazy_gh10_gh11,GH11,MVSFNSLLVAVSAATCALAFPFEFHNGTHVFPRQSTPAGTGTNNGYFYSFWTDGGGSVTYNNGPAGEYSVTWSNADNFVAGKGWNPGSAQAISFTANYQPNGNSYLSVYGWSTNPLVEYYILEDFGTYNPAVSLTHKGTLTSDGATYDVYEGTRVNEPSIQGTATFNQYWSIRSSKRSSGTVTTANHFAAWKQLGLPLGTFNYQIVATEGYQSSGSSTVTVNPAGGVTSPTAPTGPSSVSTTPSGPSSSPSPVGSCAALYGQCGGQGWTGPTCCSSGTCKFSNDWYSQCL
uniprot,Q9HEY9,Q9HEY9,,fungal,Phanerodontia chrysosporium (White-rot fungus) (Sporotrichum pruinosum),CBM1;GH11,True,cazy_gh10_gh11,GH11,MVSFNSLLVAVSAATCALAFPFEFHNGTHVFPRQSTPAGTGTNNGYFYSFWTDGGGSVTYNNGPAGEYSVTWSNADNFVAGKGWNPGSAQAISFTANYQPNGNSYLSVYGWSTNPLVEYYILEDFGTYNPAVSLTHKGTLTSDGATYDVYEGTRVNEPSIQGTATFNQYWSIRSSKRSSGTVTTANHFAAWKQLGLPLGTFNYQIVATEGYQSSGSSTVTVNPAGGVTSPTAPTGPSSVSTTPSGPSSSPSPVGSCAALYGQCGGQGWTGPTCCSSGTCKFSNNWYSQCL
uniprot,D1GFE6,D1GFE6,,fungal,Penicillium sp. CGMCC 1669,GH11,True,cazy_gh10_gh11,GH11,MVSFSNLFMAACAAVTAFALPNELDKRALTTSKQGTSDGYFYSFWTNGGGSVSYENGAAGQYSVTWKNCDSFTSGKGWATGSARNIKFSGSFKPSGNAYLAVYGWTTSPLVEYYIMESYGEYNPGSSMTFKGTVTSDGSVYDIYTHKQVNQPSIVADSSTFDQYWSIRRNKRSSGTVTTANHFNAWSKLGMGMGSHGYQIVSTEGYKSSGSSSITVS
uniprot,C3VEV7,C3VEV7,,fungal,Penicillium canescens,GH11,True,cazy_gh10_gh11,GH11,MVSFSSLAIGLLTIAGALALPGDMSGDFSKRQAITSPQTGTNNGYYYSFWTNGAGSVSYTNGAAGQYSVTWSNQNGGDFTCGKGWNPGSAQAISFSGSFNPNGNAYLAVYGWTTSPLVEYYIMESYGNYNPGNSMTHMGTVTSDGATYDIYKHQQVNQPSIQGTATFNQYWSIRQSKRTSGTVTTANHFNAWAALGMNMGAFNYQILVTEGYESSGSSSITVSAGGSSSGGSGGSGGSSGTVG
uniprot,B6F254,B6F254,,fungal,Penicillium chrysogenum (Penicillium notatum),GH11,True,cazy_gh10_gh11,GH11,MVSFSSLFVAACAAVTAFALPNELEKRAITSNEQGTNNGYFYSFWTNGGGSVSYNNGAAGQYSVNWKDCGSFTSGKGWATGSARNINFSGSFNPSGNAYLAVYGWTTSPLVEYYIMENYGEYNPGSSMAHKGTVTSDGSVYDIYAHQQVNQPSIVGTATFNQYWSIRRNKRSSGTVTTANHFNAWSRLGMGLGSHNYQIVNTEGYQSSGSASITVS
uniprot,P55333,P55333,,fungal,Emericella nidulans (strain FGSC A4 / ATCC 38163 / CBS 112.46 / NRRL 194 / M139) (Aspergillus nidulans),GH11,True,cazy_gh10_gh11,GH11,MVSFSSLLLACSAVTAFAAPSDQSIAERSLSERSTPSSTGTSGGYYYSFWTDGGGDVTYTNGDGGSYTVEWTNVGNFVGGKGWNPGSSQTISYSGSFNPSGNGYLSVYGWTQNPLIEYYIVESYGDYNPGTAGTHQGTLESDGSTYDIYTATRENAPSIEGTATFTQFWSVRQSKRTSGSVTTQNHFDAWSQLGMTLGTHNYQIVAVEGYQSSGSASITVS
uniprot,E0X4B3,E0X4B3,,fungal,Aspergillus fumigatus (Neosartorya fumigata),GH11,True,cazy_gh10_gh11,GH11,MVSFSSLVLAASTVAGVLATPGSEQYVELAKRQLTSSQTGTNNGYYYSFWTDGGGQVTYTNGNGGQYQVDWNNCGNFVAGKGWNLASEKAVTYSGSWQTSGNGYLSVYGWTTSPLVEFYIVESYGSYDPSTGATHLGTVESDGATYNLYKTTRTNAPSIQGTATFDQYWSVRTSHRQSGTVTTKNHFDAWRNAGLQLGNFDYMIVATEGYQSSGSATITVS
uniprot,D3JYP8,D3JYP8,,fungal,Penicillium decumbens,GH11,True,cazy_gh10_gh11,GH11,MVSFTKLFVAASAVLGAWSAPTPELAERQAITKSQTGMNNGFYYSFWTNGGGQVSYTNGAAGQYSVNWNNAGDFTCGKGWSKGAARNIKFEANFKPSGNAYLGVYGWTKGPLIEYYILENYGSYNPGSGMQHKGTVYSDGSNYDIYQHTQVNQPSISGTQTFNQYWSIRQSKRSSGTVTTGNHFNAWAKLGMKLGAHDYQVLLTEGYHSSGTSTVTVSA
uniprot,B2B1K0,B2B1K0,,fungal,Podospora anserina (strain S / ATCC MYA-4624 / DSM 980 / FGSC 10383) (Pleurage anserina),GH11,True,cazy_gh10_gh11,GH11,MVSFTSIFTALAAAATVVASPLELALRGIQPGQGTHDGYFYSYWTDGQGSVDYNNGPRGSYKVSWRNVGNWVGGKGWNPGPSRTVAYNGTWNNYNVNSCMCLLLSDSFVLSHALTDINIDLALYGWTVNPLVEYYIVEAYGTYNPSAGTTKFRTLQSDGGTYDVYRTRRVNQPSIQGTATFDQYWSVRQVKRVGGTISVQNHFDAWTASGLKLGSWNYMIMATEGYGSTGSAEIEVREVR
uniprot,Q9UVZ3,Q9UVZ3,,fungal,Exserohilum turcicum (Northern leaf blight fungus) (Setosphaeria turcica),GH11,True,cazy_gh10_gh11,GH11,MVSFTSIITAAVAATGALAAPATDIAARAPSDLVARQSTPNGEGTHNGCFYSWWSDGGARATYTNGAGGSYSVSWGTGGNLVGGKGWNPGTARTITYSGQYNPNGNSYLAIYGWTRNPLVEYYVVENFGTYDPSSQAQNKGTVTSDGSSYKIAQSTRTNQPSIDGTRTFQQYWSVRQNKRSSGSVNMKTHFDAWASKGMNLGSHYYQIVATEGYFSSGSASITVNCP
uniprot,G0RUP7,G0RUP7,,fungal,Hypocrea jecorina (strain QM6a) (Trichoderma reesei),GH11,True,cazy_gh10_gh11,GH11,MVSFTSLLAGVAAISGVLAAPAAEVESVAVEKRQTIQPGTGYNNGYFYSYWNDGHGGVTYTNGPGGQFSVNWSNSGNFVGGKGWQPGTKNKVINFSGSYNPNGNSYLSVYGWSRNPLIEYYIVENFGTYNPSTGATKLGEVTSDGSVYDIYRTQRVNQPSIIGTATFYQYWSVRRNHRSSGSVNTANHFNAWAQQGLTLGTMDYQIVAVEGYFSSGSASITVS
uniprot,E4ZRR9,E4ZRR9,,fungal,Leptosphaeria maculans (strain JN3 / isolate v23.1.3 / race Av1-4-5-6-7-8) (Blackleg fungus) (Phoma lingam),GH11,True,cazy_gh10_gh11,GH11,MVSFTSLVTAAVAATGALAAPATDVSVRSPGPLVARQSTPNSEGTHNGCFYSWWSDGASPVTYTNGAGGSYSVQWGSGGNFVGGKGWNPGTARTITYSGTYNPNGNSYLAVYGWTRNPLIEYYVVENFGTYDPSSQATNKGTVTSDGSSYKIAQSTRTNQPSIDGTRTFEQYWSVRQNKRSSGSVNMKTHFDAWASKGMGLGTHYYQIVATEGYKSTGSASITVNCP
uniprot,Q7Z8Q3,Q7Z8Q3,,fungal,Hypocrea rufa (Trichoderma viride),GH11,True,cazy_gh10_gh11,GH11,MVSFTTLLAGFVAVTGVLSAPTENVEVVDVEKRQTIGPGTGFNNGYYYSYWNDGHSGVTYTNGAGGSFSVNWANSGNFVGGKGWNPGSSSRVINFSGSYNPNGNSYLSVYGWSKNPLIEYYIVENFGTYNPSTGTTKLGEVTSDGSVYDIYRTQRVNQPSIIGTATFYQYWSVRRNHRSSGSVTVANHFNAWRNLGLTLGTLDYQIIAVEGYFSSGNANINVS
uniprot,Q9UVF9,Q9UVF9,,fungal,Hypocrea rufa (Trichoderma viride),GH11,True,cazy_gh10_gh11,GH11,MVSFTTLLAGFVAVTGVLSAPTETVEVVDVEKRQTIGPGTGFNNGYYYSYWNDGHSGVTYTNGAGGSFSVNWANSGNFVGGKGWNPGSSSRVINFSGSYNPNGNSYLSVYGWSKNPLIEYYIVENFGTYNPSTGTTKLGEVTSDGSVYDIYRTQRVNQPSIIGTATFYQYWSVRRNHAPAARSRLRTTSNAWRNLGLTLGTLDYQIIAVEGYFSSGNANINVS
uniprot,Q49SA5,Q49SA5,,fungal,Gibberella zeae (Wheat head blight fungus) (Fusarium graminearum),GH11,True,cazy_gh10_gh11,GH11,MVSFTYLLAAVSAVTGAVAAPNPTKVDAQPPSGLLEKRTSPTTGVNNGFYFSFWTDTPSAVTYTNGNGGQFSMNWNGNRGNHVGGKGWNPGAARTIKYSGDYRPNGNSYLAVCGWTRNPLVEYYIVENFGTYNPSSGAQKKGEINIDGSIYDIAVSTRNCAPSIEGDCKTFQQYWSVRRNKRSSGSVNTGAHFNAWAQAGLRLGSHDYQILAVEGYQSSGQATMTVSG
uniprot,Q8J1V5,Q8J1V5,,fungal,Thermochaetoides thermophila,GH11,True,cazy_gh10_gh11,GH11,MVSLKSLLLTAATALAFPLEAFNATEGFNATSLHELMVRAGTSSGTGTHNGWYYSFWTDGGGTVWYTNGNGGSYSVNWQNCGNFVGGKGWRTGAAATIKYSGNYNPSGNSYLAIYGWTRNPLVEYYIVESYGTYDPSSGAQNLGTFQSDGGTYKIAKSTRYNAPSIEGTKTFTQYWSVRTSKRVGGTVTVANHFNAWKSKGLNLGSHDYQIVATEGYKSSGSASITVQSG
uniprot,P55334,P55334,,fungal,Humicola insolens (Soft-rot fungus),GH11,True,cazy_gh10_gh11,GH11,MVSLKSVLAAATAVSSAIAAPFDFVPRDNSTALQARQVTPNAEGWHNGYFYSWWSDGGGQVQYTNLEGSRYQVRWRNTGNFVGGKGWNPGTGRTINYGGYFNPQGNGYLAVYGWTRNPLVEYYVIESYGTYNPGSQAQYKGTFYTDGDQYDIFVSTRYNQPSIDGTRTFQQYWSIRKNKRVGGSVNMQNHFNAWQQHGMPLGQHYYQVVATEGYQSSGESDIYVQTH
uniprot,B0FX60,B0FX60,,fungal,Pleurotus ostreatus (Oyster mushroom) (White-rot fungus),CBM1;GH11,True,cazy_gh10_gh11,GH11,MVSLTSLLITVTAAIGTFAAPPSNATEGLGLLQARAGTPSATGTSNGFYYSWWTDGAADATYTNGAAGQYSIQWSGNAGNLVGGKGWNPGNNNRVISYTGTYTPNGNSYLAIYGWTRSPLIEYYVVESYGSYNPSSAASAKGTVTCNGASYTILQTTRVNQPSIDGTQTFQQFWSVRNPKKNPGGAISGTVDVGCHFQAWAAVGMNLGTQHNYQIVATEGYQSSGSSTITVSEGGSSGGGGSSTSSTPPAQSSTPSTGGTAAHWGQCGGQGWSGPTGKHFTP
uniprot,B2AC12,B2AC12,,fungal,Podospora anserina (strain S / ATCC MYA-4624 / DSM 980 / FGSC 10383) (Pleurage anserina),CBM1;GH11,True,cazy_gh10_gh11,GH11,MVTLSSLLVAAATVATGVFAAPGELPGLAKRQTYTTSATGTHNGYYFSFWTDGGPNVRYTNEAGGQYSVSWSGNGNWVGGKGWNPGTARTINYTGTYQPNGNSYLAIYGWTRNPLVEYYVIENFGTYNPSSGATRMGSVVDGGATYDIYRSTRVQQPSIEGTRTFDQYWSVRQQKRTGGSVNMATHFAAWERAGLRLGTHDYQVVATEGYFSSGSATINVGGSSGGAQPQPQPEPSPNPNPGNGGGGGGSNCAARWGQCGGQGWNGPTCCESGTTCRSSNQWYSQCL
uniprot,Q6QNU8,Q6QNU8,,fungal,Trichoderma asperellum (Filamentous fungus),GH11,True,cazy_gh10_gh11,GH11,NSYLSVYGWSKNPLIEYYIVENFGTYNPSTGTTKLGEVTSDGSVYDIYRTQRVNQPSIIGTATFYQY
uniprot,P48793,P48793,,fungal,Trichoderma harzianum (Hypocrea lixii),GH11,True,cazy_gh10_gh11,GH11,QTIGPGTGYSNGYYYSYWNDGHAGVTYTNGGGGSFTVNWSNSGNFVAGKGWQPGTKNKVINFSGSYNPNGNSYLSIYGWSRNPLIEYYIVENFGTYNPSTGATKLGEVTSDGSVYDIYRTQRVNQPSIIGTATFYQYWSVRRNHRSSGSVNTANHFNAWASHGLTLGTMDYQIVAVEGYFSSGSASITVS
uniprot,Q9UVY9,Q9UVY9,,fungal,Phaeosphaeria nodorum (Glume blotch fungus) (Parastagonospora nodorum),GH11,True,cazy_gh10_gh11,GH11,RPVARDGTLESARTITYSGTYSPNGNSYLAIYGWTRNPLVEYYVVENFGTYXPSSNAQNKGTVTADGSSYKIAQTTRTNQPSIDGTSTFQQYWSVRQNKRSSGSVNMKTHFDAWTAQGLKLGQ
uniprot,A6N2M1,A6N2M1,,fungal,Aspergillus usamii (Aspergillus shirousami),GH11,True,cazy_gh10_gh11,GH11,SAGINYVQNYNGNLGDFRYDERTGTFSMYWEDGVSSDFVVGLGWTTGSSKSITYRAQYRASSSSSYLAVYGWVNSPQAEYYIVEDYGDYNPCSSATSLGTVYSDGSTYQVCTDTRTNAPSITGTSTFTQYFSVRESTRTSGTVTIANHFNFWAQHGFGNSNFNYQVMAVEAWNGAGSARVTISS
uniprot,A6N2M2,A6N2M2,,fungal,Aspergillus usamii (Aspergillus shirousami),GH11,True,cazy_gh10_gh11,GH11,SAGINYVQNYNGNLGDFRYDESTGRFRMYWEDGVSSDFVVGLGWTTGSSKSITYRAQYRASSSSSYLAVYGWVNSPQAEYYIVEDYGDYNPCSSATSLGTVYSDGSTYQVCTDTRTNAPSITGTSTFTQYFSVRESTRTSGTVTIANHFNFWAQHGFGNSNFNYQVMAVEAWNGAGSARVTISS
uniprot,A6N2M0,A6N2M0,,fungal,Aspergillus usamii (Aspergillus shirousami),GH11,True,cazy_gh10_gh11,GH11,SAGINYVQNYNGNLGDFRYDESTGTFSMYWEDGVSSDFVVGLGWTTGSSKSITYRAQYRASSSSSYLAVYGWVNSPQAEYYIVEDYGDYNPCSSATSLGTVYSDGSTYQVCTDTRTNAPSITGTSTFTQYFSVRESTRTSGTVTIANHFNFWAQHGFGNSNFNYQVMAVEAWNGAGSARVTISS
uniprot,A6N2L9,A6N2L9,,fungal,Aspergillus usamii (Aspergillus shirousami),GH11,True,cazy_gh10_gh11,GH11,SAGINYVQNYNGNLGDFRYDESTGTFSMYWEDGVSSDFVVGLGWTTGSSKSITYSAQYRASSSSSYLAVYGWVNSPQAEYYIVEDYGDYNPCSSATSLGTVYSDGSTYQVCTDTRTNAPSITGTSTFTQYFSVRESTRTSGTVTIANHFNFWAQHGFGNSNFNYQVMAVEAWNGAGSARVTISS
uniprot,A6N2L8,A6N2L8,,fungal,Aspergillus usamii (Aspergillus shirousami),GH11,True,cazy_gh10_gh11,GH11,SAGINYVQNYNGNLGDFRYDESTGTFSMYWEDGVSSDFVVGLGWTTGSSKSITYSAQYSASSSSSYLAVYGWVNSPQAEYYIVEDYGDYNPCSSATSLGTVYSDGSTYQVCTDTRTNAPSITGTSTFTQYFSVRESTRTSGTVTIANHFNFWAQHGFGNSNFNYQVMAVEAWNGAGSARVTISS
uniprot,P35809,P35809,,fungal,Schizophyllum commune (Split gill fungus),GH11,True,cazy_gh10_gh11,GH11,SGTPSSTGTDGGYYYSWWTDGAGDATYQNNGGGSYTLTWSGNNGNLVGGKGWNPGAASRSISYSGTYQPNGNSYLSVYGWTRSSLIEYYIVESYGSYDPSSAASHKGSVTCNGATYDILSTWRYNAPSIDGTQTFEQFWSVRNPKKAPGGSISGTVDVQCHFDAWKGLGMNLGSEHNYQIVATEGYQSSGTATITVT
uniprot,Q9HGT9,Q9HGT9,,fungal,Hypocrea jecorina (Trichoderma reesei),GH11,True,cazy_gh10_gh11,GH11,SYLSVYGWXTDPLIEYYIVESYGDYNPGSGGTYKGTVTSDGSVYDIYTATRTNAASIQGTATFTQYWSVRR
uniprot,Q9HFT3,Q9HFT3,,fungal,Piromyces communis,GH11,True,cazy_gh10_gh11,GH11,TDFCKNASHSGTSDKVTSNKVGSINGIGYELWADGGSNSATFYSDGSFSCSFQNSKDYLCRSGLSFDSTQTHDQIGHIYADFKLVKQNIRNVDYSYVGIYGWSRSPLVEWYIVDNWLSQYRPGDWVGNKKHGDFTIDGAQYTVYENTRYGPSIDGDTQFKQFFSIRQQARDCGTIDISAHFQQWEKLGMKLGKMHEAKVLGEAGSNGGGTSGTADFPYAKVYIK
uniprot,Q69IG4,Q69IG4,,fungal,Neocallimastix frontalis (Rumen fungus),GH11,True,cazy_gh10_gh11,GH11,TVAKAQWGGGASAGQKLSVGGGQNQHKGVSDGFSYEIWLDNTGGSGSMILGSGATFKAEWNAAVNRGNFLARRGLDFGSQKKATDYSYIGLDYTATYRQTASASGNSRLCVYGWFQNRGVQGVPLVEYYIIEDWVDWVPDAQGKMVTIDGAQYKIFQMDHTGPTINGGSETFKQYFSVRQQKRTSGHITVSDHFKEWAKHGWGIGNLYEVALNAEGWQSSGIADVTKLDVYTTQKGSNPTTAARTTRTTARTTARTTTRTKTLPTNNKCSSKITAQGYKCCSNPNCEIVYTDDDGTWGVENNEWCGCGLEKCSSKITAQGYKCCSDPNCVVYYTDDDGKWG
uniprot,Q69IG0,Q69IG0,,fungal,Neocallimastix frontalis (Rumen fungus),GH11,True,cazy_gh10_gh11,GH11,TVAKAQWGGGASAGQKLSVGGGQNQHKGVSDGFSYEIWLDNTGGSGSMTLGSGATFKAEWNAAVNRGNFLARRGLDFGSQKKAADYSYIGLDYTATYRQTASASGNSRLCVYGWFQNRGVQGVPLVEYYIIEDWVDWVPDAQGKMVTIDGAQYKIFQMDHTGPTINGGSETFKQYFSVRQQKRTSGHITVSDHFKEWAKQGWGIGNLYEVALNAEGWQSSGVADVTLLDVYTTPKGSSPATSAAPRTTTRTTTRTKSLPTNYNKCSARITAQGYKCCSDPNCVVYYTDDDGTWGVENNEWCGCGVEQCSSKITSQGYKCCSDPNCVVFYTDDDGKWG
uniprot,Q69IG3,Q69IG3,,fungal,Neocallimastix frontalis (Rumen fungus),GH11,True,cazy_gh10_gh11,GH11,TVAKAQWGGGASAGQKLSVGGGQNQHKGVSDGFSYEIWLDNTGGSGSMTLGSGATFKAEWNAAVNRGNFLARRGLDFGSQKKATDYSYIGLDYTATYRQTASASGNSRLCVYGWFQNRGVQGVPLVEYYIIEDWVDWVPDAQGKMVTIDGAQYKIFQMDHTGPTINGGSETFKQYFSVRQQKRTSGHITVSDHFKEWAKQGWGIGNLYEVALNAEGWQSSGIADVTKLDVYTTQKGSNPTTAARTTRTTARTTARTTTRTKTLPTNNKCSSKITAQGYKCCSNPNCEIVYTDDDGTWGVENNEWCGCGLEKCSSKITAQGYKCCSDPNCVVYYTDDDGKWG
uniprot,Q69IF9,Q69IF9,,fungal,Neocallimastix frontalis (Rumen fungus),GH11,True,cazy_gh10_gh11,GH11,TVAKAQWGGGASAGQKLSVGGGQNQHKGVSDGFSYEIWLDNTGGSGSMTLGSGATFKAEWNAAVNRGNFLARRGLDFGSQKKATDYSYIGLDYTATYRQTASASGNSRLCVYGWFQNRGVQGVPLVEYYIIEDWVDWVPDAQGKMVTIDGAQYKIFQMDHTGPTINGGSETFKQYFSVRQQKRTSGHITVSDHFKEWAKQGWGIGNLYEVALNAEGWQSSGIADVTKLDVYTTQKGSNPTTAARTTRTTARTTARTTTRTKTLPTNNKCSSKITAQGYKCCSNPNCEIVYTDDDGTWGVENNEWCGCGLEKCSSKITAQGYKCCSDPNCVVYYTDDDKLLLR
uniprot,Q69IG1,Q69IG1,,fungal,Neocallimastix frontalis (Rumen fungus),GH11,True,cazy_gh10_gh11,GH11,TVAKAQWGGGASAGQKLSVGGGQNQHKGVSDGFSYEIWLDNTGGSGSMTLGSGATFKAEWNAAVNRGNFLARRGLDFGSQKKATDYSYIGLDYTATYRQTASASGNSRLCVYGWFQNRGVQGVPLVEYYIIEDWVDWVPDAQGKMVTIDGAQYKIFQMDHTGPTINGGSETFKQYFSVRQQKRTSGHITVSDHFKEWAKQGWGIGNLYEVALNAEGWQSSGIADVTKLDVYTTQKGSNPTTAARTTRTTARTTARTTTRTKTLPTNNKCSSKITAQGYKCSSNPNCEIVYTDDDGTWGVENNEWCGCGLEKCSSKITAQGYKCRSDPNCVVYYTDDDGKWG
uniprot,Q69IG5,Q69IG5,,fungal,Neocallimastix patriciarum (Rumen fungus),GH11,True,cazy_gh10_gh11,GH11,TVAKAQWGGGASAGQKLSVGGGQNQHKGVSDGFSYEIWLDNTGGSGSMTLGSGATFKAEWNAAVNRGNFLARRGLDFGSQKKATDYSYIGLDYTATYRQTASASGNSRLCVYGWFQNRGVQGVPLVEYYIIEDWVDWVPDAQGKMVTIDGAQYKIFQMDHTGPTINGGSETFKQYFSVRQQKRTSGHITVSDHFKEWAKQGWGIGNLYEVALNAEGWQSSGVADVTLLDVYTTPKGSSPATSAAPRTTTRTTTRTKSLPTNYNKCSARITAQGYKCCSDPNCVVYYTDDDGTWGVENNEWCGCGVEQCSSKITSQGYKCCSDPNCVVFYTDDDGKWG
uniprot,Q7Z8B8,Q7Z8B8,,fungal,Neocallimastix frontalis (Rumen fungus),GH11,True,cazy_gh10_gh11,GH11,TVAKAQWGGGASAGQKLSVGGGQNQHKGVSDGFSYEIWLDNTGGSGSMTLGSGATFKAEWNAAVNRGNFLARRGLDFGSQKKATDYSYIGLDYTATYRQTASASGNSRLCVYGWFQNRGVQGVPLVEYYIIEDWVDWVPDAQGKMVTIDGAQYKIFQMDHTGPTINGGSETFKQYFSVRQQKRTSGHITVSDHFKEWAKQGWGIGNLYEVALNAEGWQSSGVADVTLLDVYTTPKGSSPATSAAPRTTTRTTTRTKSLPTNYNKCSARITAQGYKCCSDPNCVVYYTDDDGTWGVENNEWRGCGVEQCSSKITSQGYKCCSDPNCVVFYTDDDGKWG
uniprot,Q69IG2,Q69IG2,,fungal,Neocallimastix frontalis (Rumen fungus),GH11,True,cazy_gh10_gh11,GH11,TVAKAQWGGGASAGQKLSVGGGQNQHKGVSDGFSYEIWLDNTGGSGSMTLGSGATFKAEWNAAVNRGNFLARRGLDFGSQKKATDYSYIGLDYTVTYRQTASASGNSRLCVYGWFQNRGVQGVPLVEYYIIEDWVDWVPDAQGKMVTIDGAQYKIFQMDHTGPTINGGSETFKQYFSVRQQKRTSGHITVSDHFKEWAKQGWGIGNLYEVALNAEGWQSSGIADVTKLDVYTTQKGSNPTTAARTTRTTARTTARTTTRTKTLPTNNKCSSKITAQGYKCCSNPNCEIVYSDDDGTWGVENNEWCGCGLEKCSSKITAQGYKCCSDPNCVVYYTDDDGKWG
uniprot,Q69IG7,Q69IG7,,fungal,Neocallimastix patriciarum (Rumen fungus),GH11,True,cazy_gh10_gh11,GH11,TVAKAQWGGGASAGQKLSVGGGQNQHKGVSDGFSYEIWSDNTGGSGSMTLGSGATFKAEWNAAVNRGNFLARRGLDFGSQKKATDYSYIGLDYTATYRQTASASGNSRLCVYGWFQNRGVQGVPLVEYYIIEDWVDWVPDAQGKMVTIDGAQYKIFQMDHTGPTINGGSETFKQYFSVRQQKRTSGHITVSDHFKEWAKQGWGIGNLYEVALNAEGWQSSGIADVTKLDVYTTQKGSNPTTAARTTRTTARTTARTTTRTKTLPTNNKCSSKITAQGYKCCSNPNCEIVYTDDDGTWGVENNEWCGCGLEKCSSKITAQGYKCCSDPNCVVYYTDDDGKWG
uniprot,Q69IG9,Q69IG9,,fungal,Neocallimastix frontalis (Rumen fungus),GH11,True,cazy_gh10_gh11,GH11,TVAKAQWGGGASAGQKLSVGGGQNQYKGVSDGFSYEIWLDNTGGSGSMTLGSGATFKAEWNAAVNRGNFLARRGLDFGSQKKATDYSYIGLDYTATYRQTASASGNSRLCVYGWFQNRGVQGVPLVEYYIIEDWVDWVPDAQGKMVTIDGAQYKIIQMDHTGPTINGGSETFKQYFSVRQQKRTSGHITVSDHFKEWAKQGWGIGNLYEVALNAEGWQSSGIADVTKLDVYTTQKGSNPTTAARTTRTTARTTARTTTRTKTLPTNNKCSSKITAQGYKCCSNPNCEIVYTDDDGTWGVENNEWCGCGLEKCSSKITAQGYKCCSDPNCVVYYTDDDGKWG
uniprot,B5B3U7,B5B3U7,,fungal,Neocallimastix sp. GMLF1,GH11,True,cazy_gh10_gh11,GH11,TVAKAQWGGGASAGQRLSVGGGQNQHKGVSDGYSYEIWLDNTGGSGSMTLGSGATFKAEWNAAVNRGNFLARRGLDFGSQKKATDYSYIGLDYAATYRQTASASGNSRLCVYGWFQNRGVQGVPLVEYYIIEDWVDWVPDAQGKMVTIDGAQYKIFQMDHTGPTINGGSETFKQYFSVRQQKRTSGHITVSDHFKEWAKQGWGIGNLYEVALNAEGWQSSGIADVTKLDVYTTQKSSNLTTVPRVTRTTARTTVRTTTRTKTLPTN
uniprot,Q3KT08,Q3KT08,,fungal,uncultured Neocallimastigales,GH11,True,cazy_gh10_gh11,GH11,TVAKAQWGGNGGAPAGQKLSVGGGQNQHKGVFDGFSYEIWLDNTGGSGSMTLGKGATFKAEWSAAVNRGNFLARRGLDFGSTKKATDYEYIGMDYEASYRQTASASGNSRLCVYGWFQNRGVQGVPLVEYYIIEDWVDWVPDAQGKMVTIDGAQYKIFQMDHTGPTINGGNETFKQYFSVRQQKRTSGHITVSDHFKAWASQGWGIGNLYEVALNAEGWQSSGVADVTKLDVYTTKQGSAPRTTTTTTRTTTRTTTKTLPTTGNKCSAKITAQGYKCCSDPNCVIYYTDDDGKWG
uniprot,B2CZF9,B2CZF9,,fungal,Hypocrea jecorina (Trichoderma reesei),GH11,True,cazy_gh10_gh11,GH11,VAVEKRQTIQPGTGYNNGYFYSYWNDGHGGVTYTNGPGGQFSVNWSNSGNFVGGKGWQPGTKNKVINFSGSYNPNGNSYLSVYGWSRNPLIEYYIVENFGTYNPSTGATKLGEVTSDGSVYDIYRTQRVNQPSIIGTATFYQYWSVRRNHRSSGSVNTANHFNAWAQQGLTLGTMDYQIVAVEGYFSSGSASITVS
uniprot,D1LGU1,D1LGU1,,fungal,Orpinomyces sp. FCT 2,GH11,True,cazy_gh10_gh11,GH11,VSTKKATAYEYIGLDYEASYRQTASASGNSRLCVYGWFQNRGVQGVPLVEYYIIEDWVDWVPDAQGKMVTIDGAQYKIFQMDHTGPTINGGNETFKQYFSVRQQKRTSGHITVSDHFKAWANQGWGIGNLYEVALNAEGWQSSGVADV
uniprot,Q2PQU3,Q2PQU3,,fungal,Aspergillus phoenicis (Aspergillus saitoi),GH11,True,cazy_gh10_gh11,GH11,WTTSPLVELYIVDKYGDYDPSSGLTELGTVDSDDGTYKIYQTTREDADSIEGTATFKQYWSVRTEGRIGGTVTTQNHFDAWENLGLELGTFNYQIVH
uniprot,Q9C1G6,Q9C1G6,,fungal,Aspergillus niger,GH11,True,cazy_gh10_gh11,GH11,YIVESYGDYNPGSGGTYKGTVTSDGSVYDIYTATRTNAASIQGTATFTQYWSVRQNKRVGGTVTTSNHFNAWAKLGMNLGTHNYQIVATEGYQSSGSSSITVQ
